"Порядковый номер";"Приоритет конкурса";"Наличие договора";"Сумма баллов";"Баллы за ВИ";"Баллы за ИД";"Статус";"Код поступающего";"Дата выбора конкурсной группы по Москве"
"1";"1";"—";"5";"0";"—";"Участвует в конкурсе";"1712385";"—"
"2";"1";"—";"291";"286";"94";"Участвует в конкурсе";"1581079";"—"
"3";"2";"—";"290";"285";"96";"Участвует в конкурсе";"1179609";"—"
"4";"2";"—";"290";"285";"98";"Участвует в конкурсе";"1265565";"—"
"5";"2";"—";"287";"282";"96";"Участвует в конкурсе";"1644707";"—"
"6";"2";"—";"287";"277";"92";"Участвует в конкурсе";"1280444";"—"
"7";"3";"—";"286";"276";"92";"Участвует в конкурсе";"1851149";"—"
"8";"2";"—";"285";"277";"100";"Участвует в конкурсе";"1326014";"—"
"9";"4";"—";"283";"278";"85";"Участвует в конкурсе";"965534";"—"
"10";"2";"—";"282";"277";"100";"Участвует в конкурсе";"1211850";"—"
"11";"2";"—";"282";"277";"94";"Участвует в конкурсе";"1346868";"—"
"12";"2";"—";"282";"277";"96";"Участвует в конкурсе";"1640368";"—"
"13";"2";"—";"280";"275";"90";"Участвует в конкурсе";"1340576";"—"
"14";"1";"—";"280";"275";"86";"Участвует в конкурсе";"2055485";"—"
"15";"2";"—";"278";"273";"94";"Участвует в конкурсе";"1897628";"—"
"16";"2";"—";"277";"272";"92";"Участвует в конкурсе";"1906321";"—"
"17";"2";"—";"277";"272";"94";"Участвует в конкурсе";"1852250";"—"
"18";"3";"—";"277";"272";"98";"Участвует в конкурсе";"1209649";"—"
"19";"1";"—";"277";"272";"92";"Участвует в конкурсе";"1981976";"—"
"20";"2";"—";"276";"271";"98";"Участвует в конкурсе";"1575510";"—"
"21";"2";"—";"276";"271";"88";"Участвует в конкурсе";"1363014";"—"
"22";"2";"—";"276";"271";"96";"Участвует в конкурсе";"1194668";"—"
"23";"2";"—";"276";"271";"96";"Участвует в конкурсе";"1290720";"—"
"24";"1";"—";"275";"270";"98";"Участвует в конкурсе";"1418496";"—"
"25";"2";"—";"275";"265";"90";"Участвует в конкурсе";"1566072";"—"
"26";"2";"—";"274";"274";"88";"Участвует в конкурсе";"1396745";"—"
"27";"4";"—";"274";"274";"90";"Участвует в конкурсе";"1579234";"—"
"28";"2";"—";"274";"269";"92";"Участвует в конкурсе";"1607639";"—"
"29";"3";"—";"274";"269";"94";"Участвует в конкурсе";"2173957";"—"
"30";"2";"—";"274";"269";"94";"Участвует в конкурсе";"1649864";"—"
"31";"2";"—";"273";"268";"86";"Участвует в конкурсе";"2100812";"—"
"32";"2";"—";"273";"268";"88";"Участвует в конкурсе";"2161514";"—"
"33";"2";"—";"273";"268";"92";"Участвует в конкурсе";"1999689";"—"
"34";"2";"—";"273";"268";"100";"Участвует в конкурсе";"1609127";"—"
"35";"2";"—";"273";"265";"96";"Участвует в конкурсе";"1285188";"—"
"36";"3";"—";"272";"272";"88";"Участвует в конкурсе";"1410656";"—"
"37";"2";"—";"272";"267";"88";"Участвует в конкурсе";"1716037";"—"
"38";"2";"—";"272";"267";"94";"Участвует в конкурсе";"1367798";"—"
"39";"2";"—";"272";"267";"94";"Участвует в конкурсе";"1997520";"—"
"40";"1";"—";"272";"267";"92";"Участвует в конкурсе";"1323397";"—"
"41";"2";"—";"272";"267";"92";"Участвует в конкурсе";"2203106";"—"
"42";"2";"—";"272";"267";"98";"Участвует в конкурсе";"1794627";"—"
"43";"2";"—";"272";"267";"90";"Участвует в конкурсе";"1247276";"—"
"44";"2";"—";"272";"267";"100";"Участвует в конкурсе";"1955265";"—"
"45";"3";"—";"272";"267";"92";"Участвует в конкурсе";"1948985";"—"
"46";"2";"—";"271";"266";"90";"Участвует в конкурсе";"1190600";"—"
"47";"2";"—";"271";"266";"96";"Участвует в конкурсе";"1267477";"—"
"48";"4";"—";"270";"265";"90";"Участвует в конкурсе";"1181864";"—"
"49";"2";"—";"270";"265";"84";"Участвует в конкурсе";"1605881";"—"
"50";"1";"—";"270";"265";"84";"Участвует в конкурсе";"1796004";"—"
"51";"2";"—";"270";"265";"88";"Участвует в конкурсе";"1789582";"—"
"52";"2";"—";"270";"265";"92";"Участвует в конкурсе";"1645942";"—"
"53";"2";"—";"269";"264";"90";"Участвует в конкурсе";"1912124";"—"
"54";"1";"—";"269";"264";"90";"Участвует в конкурсе";"2271802";"—"
"55";"2";"—";"269";"264";"81";"Участвует в конкурсе";"1502175";"—"
"56";"2";"—";"269";"264";"92";"Участвует в конкурсе";"2138335";"—"
"57";"2";"—";"268";"263";"82";"Участвует в конкурсе";"1878118";"—"
"58";"2";"—";"268";"263";"90";"Участвует в конкурсе";"2053720";"—"
"59";"1";"—";"268";"263";"92";"Участвует в конкурсе";"1903806";"—"
"60";"1";"—";"268";"263";"100";"Участвует в конкурсе";"1921901";"—"
"61";"3";"—";"268";"263";"92";"Участвует в конкурсе";"2100697";"—"
"62";"1";"—";"267";"267";"93";"Участвует в конкурсе";"1316679";"—"
"63";"2";"—";"267";"264";"98";"Участвует в конкурсе";"982854";"—"
"64";"2";"—";"267";"262";"90";"Участвует в конкурсе";"1541929";"—"
"65";"2";"—";"267";"259";"90";"Участвует в конкурсе";"1797967";"—"
"66";"3";"—";"267";"257";"90";"Участвует в конкурсе";"1493697";"—"
"67";"4";"—";"266";"266";"88";"Участвует в конкурсе";"1907635";"—"
"68";"1";"—";"266";"261";"80";"Участвует в конкурсе";"1591295";"—"
"69";"2";"—";"266";"261";"85";"Участвует в конкурсе";"1290023";"—"
"70";"2";"—";"266";"261";"84";"Участвует в конкурсе";"1075680";"—"
"71";"1";"—";"266";"261";"84";"Участвует в конкурсе";"2100714";"—"
"72";"1";"—";"266";"261";"86";"Участвует в конкурсе";"2179625";"—"
"73";"2";"—";"266";"261";"98";"Участвует в конкурсе";"1334054";"—"
"74";"2";"—";"266";"261";"88";"Участвует в конкурсе";"1847579";"—"
"75";"2";"—";"266";"261";"85";"Участвует в конкурсе";"1327050";"—"
"76";"3";"—";"266";"261";"88";"Участвует в конкурсе";"2181216";"—"
"77";"2";"—";"265";"265";"90";"Участвует в конкурсе";"1611202";"—"
"78";"2";"—";"265";"265";"90";"—";"1938589";"—"
"79";"2";"—";"265";"265";"90";"Участвует в конкурсе";"2242854";"—"
"80";"1";"—";"265";"260";"90";"Участвует в конкурсе";"1596085";"—"
"81";"3";"—";"265";"260";"93";"Участвует в конкурсе";"1337682";"—"
"82";"2";"—";"265";"260";"88";"Участвует в конкурсе";"1410246";"—"
"83";"2";"—";"264";"259";"86";"Участвует в конкурсе";"1640408";"—"
"84";"3";"—";"264";"259";"88";"Участвует в конкурсе";"1519139";"—"
"85";"2";"—";"264";"259";"96";"Участвует в конкурсе";"1596679";"—"
"86";"2";"—";"264";"256";"90";"Участвует в конкурсе";"1712390";"—"
"87";"2";"—";"263";"263";"86";"Участвует в конкурсе";"1393196";"—"
"88";"1";"—";"263";"263";"90";"Участвует в конкурсе";"1210547";"—"
"89";"4";"—";"263";"263";"90";"Участвует в конкурсе";"2280791";"—"
"90";"2";"—";"263";"263";"88";"Участвует в конкурсе";"1723397";"—"
"91";"3";"—";"263";"263";"85";"Участвует в конкурсе";"1768392";"—"
"92";"2";"—";"263";"263";"92";"Участвует в конкурсе";"1988487";"—"
"93";"2";"—";"263";"258";"85";"Участвует в конкурсе";"2001526";"—"
"94";"4";"—";"262";"262";"78";"Участвует в конкурсе";"1350730";"—"
"95";"1";"—";"262";"262";"80";"Участвует в конкурсе";"2321419";"—"
"96";"2";"—";"262";"262";"90";"Участвует в конкурсе";"1627123";"—"
"97";"2";"—";"262";"257";"86";"Участвует в конкурсе";"1635170";"—"
"98";"2";"—";"262";"257";"86";"Участвует в конкурсе";"1785115";"—"
"99";"3";"—";"261";"261";"78";"Участвует в конкурсе";"1804309";"—"
"100";"2";"—";"261";"261";"83";"На рассмотрении";"1712296";"—"
"101";"2";"—";"261";"256";"73";"Участвует в конкурсе";"1986668";"—"
"102";"2";"—";"261";"256";"79";"Участвует в конкурсе";"1774611";"—"
"103";"2";"—";"261";"256";"90";"Участвует в конкурсе";"2096924";"—"
"104";"2";"—";"261";"256";"97";"Участвует в конкурсе";"1456015";"—"
"105";"2";"—";"261";"256";"90";"Участвует в конкурсе";"1725090";"—"
"106";"2";"—";"261";"256";"84";"Участвует в конкурсе";"1961824";"—"
"107";"1";"—";"260";"260";"84";"Участвует в конкурсе";"1402813";"—"
"108";"1";"—";"260";"255";"86";"Участвует в конкурсе";"1497754";"—"
"109";"2";"—";"260";"255";"86";"Участвует в конкурсе";"2024515";"—"
"110";"2";"—";"260";"255";"90";"Участвует в конкурсе";"1752323";"—"
"111";"2";"—";"260";"255";"92";"Участвует в конкурсе";"1586080";"—"
"112";"2";"—";"260";"255";"94";"Участвует в конкурсе";"1702221";"—"
"113";"1";"—";"260";"255";"86";"Участвует в конкурсе";"2286554";"—"
"114";"1";"—";"260";"255";"90";"Участвует в конкурсе";"1813393";"—"
"115";"2";"—";"260";"255";"90";"Участвует в конкурсе";"1383207";"—"
"116";"4";"—";"259";"259";"90";"Участвует в конкурсе";"1334659";"—"
"117";"1";"—";"259";"259";"81";"Участвует в конкурсе";"1564898";"—"
"118";"1";"—";"259";"259";"84";"Участвует в конкурсе";"1852690";"—"
"119";"1";"—";"259";"254";"81";"Участвует в конкурсе";"2135050";"—"
"120";"2";"—";"259";"254";"86";"Участвует в конкурсе";"1226909";"—"
"121";"3";"—";"259";"254";"86";"Участвует в конкурсе";"1614757";"—"
"122";"1";"—";"259";"254";"86";"Участвует в конкурсе";"1853556";"—"
"123";"5";"—";"259";"254";"83";"Участвует в конкурсе";"1428365";"—"
"124";"2";"—";"259";"254";"75";"Участвует в конкурсе";"1974672";"—"
"125";"1";"—";"259";"254";"92";"Участвует в конкурсе";"1623594";"—"
"126";"2";"—";"258";"258";"81";"Участвует в конкурсе";"1730333";"—"
"127";"2";"—";"258";"258";"83";"Участвует в конкурсе";"1235253";"—"
"128";"3";"—";"258";"258";"81";"Участвует в конкурсе";"1978257";"—"
"129";"4";"—";"258";"253";"80";"Участвует в конкурсе";"1599498";"—"
"130";"1";"—";"258";"253";"83";"Участвует в конкурсе";"1837361";"—"
"131";"2";"—";"258";"253";"88";"Участвует в конкурсе";"1740322";"—"
"132";"2";"—";"258";"253";"92";"Участвует в конкурсе";"1725739";"—"
"133";"2";"—";"258";"253";"94";"Участвует в конкурсе";"1798667";"—"
"134";"2";"—";"258";"248";"88";"Участвует в конкурсе";"1247303";"—"
"135";"3";"—";"257";"257";"88";"Участвует в конкурсе";"1213151";"—"
"136";"3";"—";"257";"257";"88";"Участвует в конкурсе";"2304989";"—"
"137";"5";"—";"257";"257";"80";"Участвует в конкурсе";"2171440";"—"
"138";"2";"—";"257";"257";"94";"Участвует в конкурсе";"1994230";"—"
"139";"2";"—";"257";"252";"83";"Участвует в конкурсе";"1783582";"—"
"140";"2";"—";"257";"252";"80";"Участвует в конкурсе";"1363276";"—"
"141";"1";"—";"257";"252";"81";"Участвует в конкурсе";"2299391";"—"
"142";"2";"—";"257";"252";"94";"Участвует в конкурсе";"1507984";"—"
"143";"2";"—";"256";"256";"83";"Участвует в конкурсе";"973247";"—"
"144";"2";"—";"256";"256";"94";"Участвует в конкурсе";"1360309";"—"
"145";"2";"—";"256";"254";"72";"Участвует в конкурсе";"2248271";"—"
"146";"4";"—";"256";"251";"88";"Участвует в конкурсе";"1383029";"—"
"147";"2";"—";"256";"251";"90";"Участвует в конкурсе";"1857026";"—"
"148";"2";"—";"256";"251";"90";"Участвует в конкурсе";"1722885";"—"
"149";"2";"—";"255";"255";"81";"Участвует в конкурсе";"1605786";"—"
"150";"2";"—";"255";"255";"90";"Участвует в конкурсе";"2345069";"—"
"151";"2";"—";"255";"250";"79";"Участвует в конкурсе";"1518877";"—"
"152";"1";"—";"255";"250";"88";"Участвует в конкурсе";"2085480";"—"
"153";"2";"—";"255";"250";"83";"Участвует в конкурсе";"1767517";"—"
"154";"2";"—";"255";"250";"90";"Участвует в конкурсе";"2179057";"—"
"155";"2";"—";"254";"254";"75";"Участвует в конкурсе";"1403988";"—"
"156";"2";"—";"254";"254";"83";"Участвует в конкурсе";"1843313";"—"
"157";"2";"—";"254";"254";"88";"Участвует в конкурсе";"1074869";"—"
"158";"2";"—";"254";"254";"82";"Участвует в конкурсе";"1411126";"—"
"159";"1";"—";"254";"249";"79";"Участвует в конкурсе";"1594744";"—"
"160";"2";"—";"254";"249";"76";"Участвует в конкурсе";"1406558";"—"
"161";"3";"—";"254";"249";"86";"Участвует в конкурсе";"1211819";"—"
"162";"1";"—";"254";"249";"86";"Участвует в конкурсе";"998760";"—"
"163";"1";"—";"254";"249";"86";"Участвует в конкурсе";"1488398";"—"
"164";"3";"—";"254";"249";"81";"Участвует в конкурсе";"1249223";"—"
"165";"1";"—";"254";"249";"81";"Участвует в конкурсе";"2141323";"—"
"166";"2";"—";"254";"249";"86";"Участвует в конкурсе";"965408";"—"
"167";"1";"—";"253";"253";"82";"Участвует в конкурсе";"1607305";"—"
"168";"1";"—";"253";"253";"92";"Участвует в конкурсе";"1910174";"—"
"169";"4";"—";"253";"253";"80";"Участвует в конкурсе";"2100692";"—"
"170";"3";"—";"253";"253";"92";"Участвует в конкурсе";"1444723";"—"
"171";"3";"—";"253";"253";"86";"Участвует в конкурсе";"1250740";"—"
"172";"2";"—";"253";"253";"85";"Участвует в конкурсе";"2218835";"—"
"173";"3";"—";"253";"248";"81";"Участвует в конкурсе";"2098050";"—"
"174";"3";"—";"253";"248";"75";"Участвует в конкурсе";"2263737";"—"
"175";"1";"—";"253";"248";"83";"Участвует в конкурсе";"2051415";"—"
"176";"3";"—";"253";"248";"79";"Участвует в конкурсе";"1944414";"—"
"177";"3";"—";"253";"248";"79";"Участвует в конкурсе";"2053342";"—"
"178";"2";"—";"253";"248";"86";"Участвует в конкурсе";"2001161";"—"
"179";"2";"—";"253";"245";"85";"Участвует в конкурсе";"2228272";"—"
"180";"1";"—";"253";"243";"74";"Участвует в конкурсе";"1631434";"—"
"181";"3";"—";"252";"252";"81";"Участвует в конкурсе";"1197857";"—"
"182";"1";"—";"252";"252";"81";"Участвует в конкурсе";"982262";"—"
"183";"1";"—";"252";"252";"82";"Участвует в конкурсе";"1431230";"—"
"184";"1";"—";"252";"252";"92";"Участвует в конкурсе";"1419684";"—"
"185";"2";"—";"252";"252";"84";"Участвует в конкурсе";"1586662";"—"
"186";"2";"—";"252";"247";"88";"Участвует в конкурсе";"1908268";"—"
"187";"2";"—";"252";"247";"80";"Участвует в конкурсе";"2360686";"—"
"188";"2";"—";"252";"247";"85";"Участвует в конкурсе";"1591345";"—"
"189";"4";"—";"252";"247";"80";"Участвует в конкурсе";"2255972";"—"
"190";"2";"—";"252";"247";"79";"Участвует в конкурсе";"1125928";"—"
"191";"2";"—";"252";"247";"85";"Участвует в конкурсе";"2218854";"—"
"192";"2";"—";"251";"251";"77";"Участвует в конкурсе";"1950504";"—"
"193";"2";"—";"251";"251";"86";"Участвует в конкурсе";"1580785";"—"
"194";"2";"—";"251";"251";"83";"Участвует в конкурсе";"1973726";"—"
"195";"1";"—";"251";"251";"84";"Участвует в конкурсе";"1304255";"—"
"196";"2";"—";"251";"251";"92";"Участвует в конкурсе";"1846467";"—"
"197";"4";"—";"251";"251";"84";"Участвует в конкурсе";"2078745";"—"
"198";"2";"—";"251";"251";"84";"Участвует в конкурсе";"2176717";"—"
"199";"3";"—";"251";"246";"86";"Участвует в конкурсе";"1648734";"—"
"200";"1";"—";"250";"250";"81";"Участвует в конкурсе";"1267078";"—"
"201";"5";"—";"250";"245";"83";"Участвует в конкурсе";"2004070";"—"
"202";"3";"—";"250";"245";"70";"Участвует в конкурсе";"1499142";"—"
"203";"1";"—";"250";"245";"94";"Участвует в конкурсе";"1440114";"—"
"204";"1";"—";"250";"245";"84";"Участвует в конкурсе";"1763510";"—"
"205";"2";"—";"250";"245";"78";"Участвует в конкурсе";"1834323";"—"
"206";"2";"—";"250";"245";"100";"Участвует в конкурсе";"1854579";"—"
"207";"1";"—";"249";"249";"80";"Участвует в конкурсе";"1583780";"—"
"208";"2";"—";"249";"249";"77";"Участвует в конкурсе";"1686829";"—"
"209";"2";"—";"249";"249";"86";"Участвует в конкурсе";"1003391";"—"
"210";"5";"—";"249";"244";"90";"Участвует в конкурсе";"1547578";"—"
"211";"1";"—";"249";"244";"81";"Участвует в конкурсе";"1344934";"—"
"212";"1";"—";"249";"244";"79";"Участвует в конкурсе";"2042215";"—"
"213";"2";"—";"249";"244";"73";"Участвует в конкурсе";"1700763";"—"
"214";"3";"—";"249";"244";"83";"Участвует в конкурсе";"1560646";"—"
"215";"3";"—";"249";"244";"83";"Участвует в конкурсе";"2175317";"—"
"216";"3";"—";"249";"244";"85";"Участвует в конкурсе";"2238075";"—"
"217";"2";"—";"249";"244";"82";"Участвует в конкурсе";"1814385";"—"
"218";"2";"—";"249";"244";"83";"Участвует в конкурсе";"1480950";"—"
"219";"1";"—";"249";"244";"86";"Участвует в конкурсе";"1181072";"—"
"220";"3";"—";"249";"244";"83";"Участвует в конкурсе";"1410245";"—"
"221";"2";"—";"248";"248";"75";"Участвует в конкурсе";"2182721";"—"
"222";"1";"—";"248";"248";"96";"Участвует в конкурсе";"1268259";"—"
"223";"1";"—";"248";"248";"88";"Участвует в конкурсе";"1347309";"—"
"224";"3";"—";"248";"243";"78";"Участвует в конкурсе";"1988281";"—"
"225";"3";"—";"248";"243";"79";"Участвует в конкурсе";"2236919";"—"
"226";"3";"—";"248";"243";"79";"Участвует в конкурсе";"2239866";"—"
"227";"1";"—";"248";"243";"81";"Участвует в конкурсе";"1486147";"—"
"228";"1";"—";"248";"243";"88";"Участвует в конкурсе";"1052156";"—"
"229";"2";"—";"248";"243";"90";"Участвует в конкурсе";"1063541";"—"
"230";"2";"—";"248";"240";"77";"Участвует в конкурсе";"1186873";"—"
"231";"1";"—";"247";"247";"76";"Участвует в конкурсе";"1320757";"—"
"232";"2";"—";"247";"247";"86";"Участвует в конкурсе";"1999608";"—"
"233";"2";"—";"247";"247";"88";"Участвует в конкурсе";"1839757";"—"
"234";"2";"—";"247";"247";"83";"Участвует в конкурсе";"1489202";"—"
"235";"1";"—";"247";"244";"79";"Участвует в конкурсе";"2098839";"—"
"236";"1";"—";"247";"244";"83";"Участвует в конкурсе";"1796965";"—"
"237";"1";"—";"247";"242";"88";"Участвует в конкурсе";"1856762";"—"
"238";"3";"—";"247";"242";"81";"Участвует в конкурсе";"1580365";"—"
"239";"2";"—";"247";"242";"81";"Участвует в конкурсе";"2348915";"—"
"240";"1";"—";"247";"242";"88";"Участвует в конкурсе";"1333087";"—"
"241";"1";"—";"246";"246";"71";"Участвует в конкурсе";"1158992";"—"
"242";"2";"—";"246";"246";"81";"Участвует в конкурсе";"1851437";"—"
"243";"2";"—";"246";"246";"94";"Ожидание результатов ВИ";"2364398";"—"
"244";"5";"—";"246";"241";"83";"Участвует в конкурсе";"1636744";"—"
"245";"3";"—";"246";"241";"75";"Участвует в конкурсе";"1772627";"—"
"246";"4";"—";"246";"241";"79";"Участвует в конкурсе";"1291253";"—"
"247";"1";"—";"246";"241";"71";"Участвует в конкурсе";"1172137";"—"
"248";"2";"—";"246";"241";"86";"Участвует в конкурсе";"1182235";"—"
"249";"2";"—";"246";"238";"79";"Участвует в конкурсе";"1436872";"—"
"250";"2";"—";"245";"245";"70";"Участвует в конкурсе";"1430245";"—"
"251";"1";"—";"245";"245";"86";"Участвует в конкурсе";"1753753";"—"
"252";"2";"—";"245";"245";"77";"Участвует в конкурсе";"1980337";"—"
"253";"1";"—";"245";"245";"79";"Участвует в конкурсе";"1241513";"—"
"254";"2";"—";"245";"245";"86";"Участвует в конкурсе";"2173820";"—"
"255";"2";"—";"245";"245";"81";"Участвует в конкурсе";"1349461";"—"
"256";"5";"—";"245";"245";"72";"Участвует в конкурсе";"1688813";"—"
"257";"2";"—";"245";"245";"90";"Участвует в конкурсе";"2239455";"—"
"258";"2";"—";"245";"240";"83";"Участвует в конкурсе";"1583091";"—"
"259";"1";"—";"245";"240";"77";"Участвует в конкурсе";"1410059";"—"
"260";"3";"—";"245";"240";"72";"Участвует в конкурсе";"2348914";"—"
"261";"3";"—";"245";"240";"77";"Участвует в конкурсе";"1981975";"—"
"262";"2";"—";"245";"240";"81";"Участвует в конкурсе";"1702188";"—"
"263";"1";"—";"245";"240";"86";"Участвует в конкурсе";"2178153";"—"
"264";"2";"—";"245";"240";"83";"Участвует в конкурсе";"1077245";"—"
"265";"1";"—";"245";"240";"85";"Участвует в конкурсе";"1627309";"—"
"266";"1";"—";"245";"240";"81";"Участвует в конкурсе";"2159489";"—"
"267";"3";"—";"245";"237";"76";"Участвует в конкурсе";"1906670";"—"
"268";"3";"—";"245";"237";"70";"Участвует в конкурсе";"2140028";"—"
"269";"1";"—";"245";"235";"82";"Участвует в конкурсе";"2199426";"—"
"270";"2";"—";"244";"244";"80";"Участвует в конкурсе";"1495798";"—"
"271";"1";"—";"244";"244";"83";"Участвует в конкурсе";"2207669";"—"
"272";"1";"—";"244";"244";"81";"Участвует в конкурсе";"1353840";"—"
"273";"2";"—";"244";"244";"85";"Участвует в конкурсе";"1514888";"—"
"274";"2";"—";"244";"244";"77";"Участвует в конкурсе";"1520415";"—"
"275";"2";"—";"244";"244";"92";"Участвует в конкурсе";"1514297";"—"
"276";"1";"—";"244";"239";"84";"Участвует в конкурсе";"2136228";"—"
"277";"1";"—";"244";"239";"94";"Участвует в конкурсе";"1604998";"—"
"278";"3";"—";"244";"234";"85";"Участвует в конкурсе";"1648902";"—"
"279";"2";"—";"243";"243";"81";"Участвует в конкурсе";"1278160";"—"
"280";"2";"—";"243";"243";"80";"Участвует в конкурсе";"1796501";"—"
"281";"1";"—";"243";"243";"74";"Участвует в конкурсе";"1550836";"—"
"282";"2";"—";"243";"243";"92";"Участвует в конкурсе";"1696863";"—"
"283";"2";"—";"243";"243";"82";"Участвует в конкурсе";"1228258";"—"
"284";"2";"—";"243";"243";"78";"Участвует в конкурсе";"2229248";"—"
"285";"1";"—";"243";"243";"88";"Участвует в конкурсе";"1690574";"—"
"286";"1";"—";"243";"240";"77";"Участвует в конкурсе";"1333512";"—"
"287";"1";"—";"243";"238";"83";"Участвует в конкурсе";"1656315";"—"
"288";"3";"—";"242";"242";"80";"Участвует в конкурсе";"1221679";"—"
"289";"2";"—";"242";"242";"77";"Участвует в конкурсе";"2136823";"—"
"290";"2";"—";"242";"242";"76";"Участвует в конкурсе";"2341114";"—"
"291";"3";"—";"242";"242";"83";"Участвует в конкурсе";"1612446";"—"
"292";"3";"—";"242";"242";"73";"Участвует в конкурсе";"1786557";"—"
"293";"2";"—";"242";"242";"67";"Участвует в конкурсе";"1983883";"—"
"294";"2";"—";"242";"242";"83";"Участвует в конкурсе";"1793517";"—"
"295";"4";"—";"242";"242";"75";"Участвует в конкурсе";"1816542";"—"
"296";"1";"—";"242";"242";"86";"Участвует в конкурсе";"1409886";"—"
"297";"3";"—";"242";"242";"78";"Участвует в конкурсе";"1707710";"—"
"298";"2";"—";"242";"237";"88";"Участвует в конкурсе";"1580610";"—"
"299";"2";"—";"242";"237";"82";"Участвует в конкурсе";"1250615";"—"
"300";"3";"—";"242";"237";"74";"Участвует в конкурсе";"1623021";"—"
"301";"2";"—";"242";"237";"71";"Участвует в конкурсе";"1592147";"—"
"302";"2";"—";"242";"237";"70";"Участвует в конкурсе";"1438252";"—"
"303";"3";"—";"242";"237";"83";"Участвует в конкурсе";"1387530";"—"
"304";"2";"—";"242";"234";"86";"Участвует в конкурсе";"1597587";"—"
"305";"3";"—";"241";"241";"83";"Участвует в конкурсе";"1205752";"—"
"306";"2";"—";"241";"241";"72";"Участвует в конкурсе";"1287757";"—"
"307";"3";"—";"241";"241";"68";"Участвует в конкурсе";"1479230";"—"
"308";"1";"—";"241";"241";"70";"Участвует в конкурсе";"1411296";"—"
"309";"2";"—";"241";"241";"86";"Участвует в конкурсе";"1600767";"—"
"310";"2";"—";"241";"241";"80";"Участвует в конкурсе";"1799185";"—"
"311";"2";"—";"241";"241";"70";"Участвует в конкурсе";"1845552";"—"
"312";"2";"—";"241";"241";"84";"Участвует в конкурсе";"1267405";"—"
"313";"2";"—";"241";"241";"79";"Участвует в конкурсе";"1209233";"—"
"314";"1";"—";"241";"236";"73";"Участвует в конкурсе";"1490476";"—"
"315";"3";"—";"241";"236";"70";"Участвует в конкурсе";"1287299";"—"
"316";"1";"—";"241";"236";"81";"Участвует в конкурсе";"1614339";"—"
"317";"3";"—";"241";"236";"76";"Участвует в конкурсе";"1938872";"—"
"318";"2";"—";"241";"236";"73";"Участвует в конкурсе";"1431539";"—"
"319";"1";"—";"240";"240";"71";"Участвует в конкурсе";"1985205";"—"
"320";"1";"—";"240";"240";"78";"Участвует в конкурсе";"1857979";"—"
"321";"2";"—";"240";"240";"79";"Участвует в конкурсе";"1696709";"—"
"322";"1";"—";"240";"240";"77";"Участвует в конкурсе";"1858708";"—"
"323";"1";"—";"240";"240";"71";"Участвует в конкурсе";"1642519";"—"
"324";"1";"—";"240";"240";"84";"Участвует в конкурсе";"1597471";"—"
"325";"2";"—";"240";"240";"76";"Участвует в конкурсе";"1873893";"—"
"326";"2";"—";"240";"240";"81";"Участвует в конкурсе";"1323906";"—"
"327";"1";"—";"240";"240";"83";"Участвует в конкурсе";"1178458";"—"
"328";"2";"—";"240";"240";"85";"Участвует в конкурсе";"2265238";"—"
"329";"2";"—";"240";"240";"81";"Участвует в конкурсе";"2241352";"—"
"330";"2";"—";"240";"237";"70";"Участвует в конкурсе";"1711764";"—"
"331";"1";"—";"240";"235";"68";"Участвует в конкурсе";"1322253";"—"
"332";"1";"—";"240";"235";"72";"Участвует в конкурсе";"1576957";"—"
"333";"2";"—";"240";"235";"79";"Участвует в конкурсе";"2266018";"—"
"334";"1";"—";"240";"235";"66";"Участвует в конкурсе";"2285229";"—"
"335";"3";"—";"240";"235";"81";"Участвует в конкурсе";"2041776";"—"
"336";"3";"—";"239";"239";"70";"Участвует в конкурсе";"1587163";"—"
"337";"4";"—";"239";"239";"83";"Участвует в конкурсе";"1291956";"—"
"338";"3";"—";"239";"239";"78";"Участвует в конкурсе";"1898650";"—"
"339";"2";"—";"239";"239";"72";"Участвует в конкурсе";"1169996";"—"
"340";"2";"—";"239";"239";"79";"Участвует в конкурсе";"1724467";"—"
"341";"3";"—";"239";"239";"71";"Участвует в конкурсе";"1517250";"—"
"342";"5";"—";"239";"239";"93";"Участвует в конкурсе";"2253985";"—"
"343";"2";"—";"239";"239";"81";"Участвует в конкурсе";"1204215";"—"
"344";"4";"—";"239";"239";"78";"Участвует в конкурсе";"1933447";"—"
"345";"3";"—";"239";"239";"75";"Участвует в конкурсе";"2044309";"—"
"346";"1";"—";"239";"239";"79";"Участвует в конкурсе";"1910301";"—"
"347";"4";"—";"239";"239";"84";"Участвует в конкурсе";"1602005";"—"
"348";"2";"—";"239";"234";"69";"Участвует в конкурсе";"1209645";"—"
"349";"1";"—";"239";"234";"77";"Участвует в конкурсе";"1553842";"—"
"350";"2";"—";"239";"233";"86";"Участвует в конкурсе";"1176781";"—"
"351";"2";"—";"238";"238";"77";"Участвует в конкурсе";"1336205";"—"
"352";"2";"—";"238";"238";"75";"Участвует в конкурсе";"1927199";"—"
"353";"2";"—";"238";"238";"75";"Участвует в конкурсе";"2314144";"—"
"354";"2";"—";"238";"238";"82";"Участвует в конкурсе";"1648637";"—"
"355";"2";"—";"238";"238";"71";"Участвует в конкурсе";"1140766";"—"
"356";"1";"—";"238";"238";"79";"Участвует в конкурсе";"1197398";"—"
"357";"5";"—";"238";"238";"83";"Участвует в конкурсе";"1684328";"—"
"358";"3";"—";"238";"233";"75";"Участвует в конкурсе";"1995910";"—"
"359";"1";"—";"238";"233";"66";"Участвует в конкурсе";"2236779";"—"
"360";"1";"—";"238";"233";"86";"Участвует в конкурсе";"1773387";"—"
"361";"2";"—";"238";"233";"81";"Участвует в конкурсе";"1333547";"—"
"362";"1";"—";"238";"233";"73";"Участвует в конкурсе";"1649606";"—"
"363";"2";"—";"238";"233";"68";"Участвует в конкурсе";"1907113";"—"
"364";"2";"—";"238";"230";"77";"Участвует в конкурсе";"1395607";"—"
"365";"2";"—";"237";"237";"73";"Участвует в конкурсе";"1284013";"—"
"366";"2";"—";"237";"237";"75";"Участвует в конкурсе";"1985039";"—"
"367";"2";"—";"237";"237";"84";"Участвует в конкурсе";"1719588";"—"
"368";"2";"—";"237";"237";"66";"Участвует в конкурсе";"1350736";"—"
"369";"3";"—";"237";"237";"81";"Участвует в конкурсе";"1363944";"—"
"370";"2";"—";"237";"237";"81";"Участвует в конкурсе";"1897142";"—"
"371";"2";"—";"237";"237";"78";"Участвует в конкурсе";"1015148";"—"
"372";"1";"—";"237";"237";"76";"Участвует в конкурсе";"2004212";"—"
"373";"1";"—";"237";"237";"73";"Участвует в конкурсе";"2034808";"—"
"374";"1";"—";"237";"237";"82";"Участвует в конкурсе";"1914057";"—"
"375";"2";"—";"237";"237";"77";"Участвует в конкурсе";"1583152";"—"
"376";"2";"—";"237";"237";"84";"Участвует в конкурсе";"1499788";"—"
"377";"2";"—";"237";"237";"76";"Участвует в конкурсе";"2099257";"—"
"378";"1";"—";"237";"234";"86";"Участвует в конкурсе";"1796848";"—"
"379";"2";"—";"237";"234";"82";"Участвует в конкурсе";"1459939";"—"
"380";"2";"—";"237";"232";"72";"Участвует в конкурсе";"1794255";"—"
"381";"2";"—";"237";"232";"73";"Участвует в конкурсе";"2270606";"—"
"382";"2";"—";"237";"232";"82";"Участвует в конкурсе";"1818919";"—"
"383";"2";"—";"237";"232";"79";"Участвует в конкурсе";"1493596";"—"
"384";"2";"—";"237";"232";"79";"Участвует в конкурсе";"1584258";"—"
"385";"2";"—";"237";"232";"78";"Участвует в конкурсе";"1382151";"—"
"386";"2";"—";"237";"232";"75";"Участвует в конкурсе";"1846658";"—"
"387";"2";"—";"237";"232";"79";"Участвует в конкурсе";"2407678";"—"
"388";"3";"—";"236";"236";"76";"Участвует в конкурсе";"1277404";"—"
"389";"2";"—";"236";"236";"73";"Участвует в конкурсе";"1985976";"—"
"390";"1";"—";"236";"236";"86";"Участвует в конкурсе";"2400682";"—"
"391";"1";"—";"236";"236";"77";"Участвует в конкурсе";"1498512";"—"
"392";"2";"—";"236";"236";"90";"Участвует в конкурсе";"1265624";"—"
"393";"2";"—";"236";"236";"79";"Участвует в конкурсе";"977483";"—"
"394";"2";"—";"236";"236";"71";"Участвует в конкурсе";"1196170";"—"
"395";"5";"—";"236";"231";"80";"Участвует в конкурсе";"2218232";"—"
"396";"2";"—";"236";"231";"64";"Участвует в конкурсе";"1646826";"—"
"397";"2";"—";"236";"231";"84";"Участвует в конкурсе";"1409264";"—"
"398";"2";"—";"236";"231";"70";"Участвует в конкурсе";"1561795";"—"
"399";"2";"—";"235";"235";"74";"Участвует в конкурсе";"2315393";"—"
"400";"2";"—";"235";"235";"70";"Участвует в конкурсе";"1358530";"—"
"401";"1";"—";"235";"235";"92";"Участвует в конкурсе";"2366129";"—"
"402";"1";"—";"235";"235";"75";"Участвует в конкурсе";"1731441";"—"
"403";"2";"—";"235";"235";"88";"Участвует в конкурсе";"1707730";"—"
"404";"5";"—";"235";"235";"85";"Участвует в конкурсе";"1260919";"—"
"405";"3";"—";"235";"235";"82";"Участвует в конкурсе";"2341878";"—"
"406";"1";"—";"235";"235";"71";"Участвует в конкурсе";"1787729";"—"
"407";"1";"—";"235";"235";"82";"Участвует в конкурсе";"1232718";"—"
"408";"1";"—";"235";"235";"69";"Участвует в конкурсе";"1613007";"—"
"409";"4";"—";"235";"230";"72";"Участвует в конкурсе";"1274993";"—"
"410";"1";"—";"235";"230";"72";"Участвует в конкурсе";"2377885";"—"
"411";"3";"—";"235";"230";"82";"Участвует в конкурсе";"1499586";"—"
"412";"1";"—";"235";"230";"81";"Участвует в конкурсе";"1275478";"—"
"413";"2";"—";"235";"229";"82";"Участвует в конкурсе";"1726666";"—"
"414";"3";"—";"234";"234";"77";"Участвует в конкурсе";"1689677";"—"
"415";"2";"—";"234";"234";"69";"Участвует в конкурсе";"1714214";"—"
"416";"2";"—";"234";"234";"88";"Участвует в конкурсе";"1794292";"—"
"417";"2";"—";"234";"234";"68";"Участвует в конкурсе";"1618845";"—"
"418";"3";"—";"234";"234";"78";"Участвует в конкурсе";"2050799";"—"
"419";"3";"—";"234";"234";"94";"Участвует в конкурсе";"1341857";"—"
"420";"2";"—";"234";"234";"71";"Участвует в конкурсе";"1571073";"—"
"421";"1";"—";"234";"234";"71";"Участвует в конкурсе";"1091794";"—"
"422";"2";"—";"234";"234";"83";"Участвует в конкурсе";"1325783";"—"
"423";"1";"—";"234";"234";"75";"Участвует в конкурсе";"1405527";"—"
"424";"2";"—";"234";"231";"83";"Участвует в конкурсе";"2248057";"—"
"425";"2";"—";"234";"229";"80";"Участвует в конкурсе";"1946529";"—"
"426";"2";"—";"234";"229";"83";"Участвует в конкурсе";"1265250";"—"
"427";"1";"—";"234";"229";"80";"Участвует в конкурсе";"1072501";"—"
"428";"3";"—";"234";"229";"80";"Участвует в конкурсе";"1771404";"—"
"429";"3";"—";"234";"229";"72";"Участвует в конкурсе";"1467680";"—"
"430";"1";"—";"233";"233";"85";"Ожидание результатов ВИ";"1022973";"—"
"431";"2";"—";"233";"233";"84";"Участвует в конкурсе";"1858594";"—"
"432";"1";"—";"233";"233";"80";"Участвует в конкурсе";"2313417";"—"
"433";"4";"—";"233";"233";"78";"Участвует в конкурсе";"2230469";"—"
"434";"1";"—";"233";"233";"75";"Участвует в конкурсе";"1341766";"—"
"435";"3";"—";"233";"233";"70";"Участвует в конкурсе";"2078515";"—"
"436";"4";"—";"233";"233";"82";"Участвует в конкурсе";"1789694";"—"
"437";"2";"—";"233";"233";"81";"Участвует в конкурсе";"1437820";"—"
"438";"2";"—";"233";"233";"76";"Участвует в конкурсе";"1493406";"—"
"439";"2";"—";"233";"233";"73";"Участвует в конкурсе";"1609118";"—"
"440";"1";"—";"233";"233";"88";"Участвует в конкурсе";"2253706";"—"
"441";"2";"—";"233";"233";"75";"Участвует в конкурсе";"1173968";"—"
"442";"2";"—";"233";"233";"72";"Участвует в конкурсе";"1619182";"—"
"443";"2";"—";"233";"233";"77";"Участвует в конкурсе";"1971480";"—"
"444";"1";"—";"233";"228";"68";"Участвует в конкурсе";"1446579";"—"
"445";"2";"—";"233";"228";"75";"Участвует в конкурсе";"1882036";"—"
"446";"1";"—";"233";"228";"73";"Участвует в конкурсе";"1197449";"—"
"447";"2";"—";"233";"228";"88";"Участвует в конкурсе";"1623133";"—"
"448";"2";"—";"233";"228";"75";"Участвует в конкурсе";"2093273";"—"
"449";"2";"—";"233";"228";"73";"Участвует в конкурсе";"1044098";"—"
"450";"2";"—";"232";"232";"73";"Участвует в конкурсе";"1439814";"—"
"451";"3";"—";"232";"232";"67";"Участвует в конкурсе";"1817551";"—"
"452";"5";"—";"232";"232";"78";"Участвует в конкурсе";"1198977";"—"
"453";"2";"—";"232";"232";"77";"Участвует в конкурсе";"2035865";"—"
"454";"4";"—";"232";"232";"67";"Участвует в конкурсе";"1520293";"—"
"455";"3";"—";"232";"232";"77";"Участвует в конкурсе";"1803340";"—"
"456";"1";"—";"232";"232";"82";"Участвует в конкурсе";"1896992";"—"
"457";"2";"—";"232";"232";"78";"Участвует в конкурсе";"1948771";"—"
"458";"2";"—";"232";"232";"77";"Участвует в конкурсе";"1643339";"—"
"459";"2";"—";"232";"232";"75";"Участвует в конкурсе";"1592937";"—"
"460";"2";"—";"232";"232";"72";"Участвует в конкурсе";"2370925";"—"
"461";"1";"—";"232";"227";"66";"Участвует в конкурсе";"1578479";"—"
"462";"1";"—";"232";"227";"60";"Участвует в конкурсе";"1673025";"—"
"463";"1";"—";"232";"227";"81";"Участвует в конкурсе";"1434516";"—"
"464";"2";"—";"232";"227";"78";"Участвует в конкурсе";"1201814";"—"
"465";"2";"—";"232";"227";"85";"Участвует в конкурсе";"1245040";"—"
"466";"2";"—";"232";"227";"66";"Участвует в конкурсе";"2184905";"—"
"467";"2";"—";"232";"227";"88";"Участвует в конкурсе";"1643816";"—"
"468";"5";"—";"232";"227";"71";"Участвует в конкурсе";"1615479";"—"
"469";"2";"—";"232";"224";"79";"Участвует в конкурсе";"1145125";"—"
"470";"2";"—";"232";"224";"82";"Участвует в конкурсе";"1042446";"—"
"471";"2";"—";"231";"231";"75";"Участвует в конкурсе";"1961871";"—"
"472";"3";"—";"231";"231";"71";"Участвует в конкурсе";"1205784";"—"
"473";"3";"—";"231";"231";"71";"Участвует в конкурсе";"1209208";"—"
"474";"4";"—";"231";"231";"70";"Участвует в конкурсе";"2265613";"—"
"475";"2";"—";"231";"231";"72";"Участвует в конкурсе";"2098998";"—"
"476";"3";"—";"231";"231";"86";"Участвует в конкурсе";"1481724";"—"
"477";"2";"—";"231";"228";"86";"Участвует в конкурсе";"1408311";"—"
"478";"1";"—";"231";"228";"86";"Участвует в конкурсе";"1437344";"—"
"479";"2";"—";"231";"226";"75";"Участвует в конкурсе";"1797936";"—"
"480";"2";"—";"231";"226";"76";"Участвует в конкурсе";"1625441";"—"
"481";"1";"—";"231";"226";"76";"Участвует в конкурсе";"1964756";"—"
"482";"1";"—";"231";"226";"68";"Участвует в конкурсе";"1526476";"—"
"483";"2";"—";"231";"226";"70";"Участвует в конкурсе";"2003911";"—"
"484";"2";"—";"231";"226";"79";"Участвует в конкурсе";"1961862";"—"
"485";"2";"—";"231";"226";"66";"Участвует в конкурсе";"1193537";"—"
"486";"2";"—";"231";"226";"66";"Участвует в конкурсе";"1705546";"—"
"487";"1";"—";"231";"226";"67";"Участвует в конкурсе";"1623670";"—"
"488";"1";"—";"231";"223";"70";"Участвует в конкурсе";"1608905";"—"
"489";"1";"—";"230";"230";"75";"Участвует в конкурсе";"1284140";"—"
"490";"1";"—";"230";"230";"79";"На рассмотрении";"1678793";"—"
"491";"2";"—";"230";"230";"72";"Участвует в конкурсе";"1499660";"—"
"492";"4";"—";"230";"230";"72";"Участвует в конкурсе";"2225882";"—"
"493";"1";"—";"230";"230";"76";"Участвует в конкурсе";"1291335";"—"
"494";"3";"—";"230";"230";"73";"Участвует в конкурсе";"2165666";"—"
"495";"3";"—";"230";"230";"70";"Участвует в конкурсе";"1215471";"—"
"496";"1";"—";"230";"230";"80";"Участвует в конкурсе";"1209686";"—"
"497";"2";"—";"230";"230";"82";"Участвует в конкурсе";"1728514";"—"
"498";"3";"—";"230";"230";"79";"Участвует в конкурсе";"1649822";"—"
"499";"2";"—";"230";"230";"72";"Участвует в конкурсе";"1048685";"—"
"500";"2";"—";"230";"225";"68";"Участвует в конкурсе";"2246676";"—"
"501";"2";"—";"230";"225";"74";"Участвует в конкурсе";"1903193";"—"
"502";"3";"—";"230";"225";"79";"Участвует в конкурсе";"1553585";"—"
"503";"5";"—";"230";"225";"62";"Участвует в конкурсе";"1790978";"—"
"504";"1";"—";"230";"220";"72";"Участвует в конкурсе";"940493";"—"
"505";"2";"—";"229";"229";"77";"Участвует в конкурсе";"1579504";"—"
"506";"1";"—";"229";"229";"75";"Участвует в конкурсе";"2381874";"—"
"507";"2";"—";"229";"229";"68";"Участвует в конкурсе";"1516150";"—"
"508";"2";"—";"229";"229";"86";"Участвует в конкурсе";"1414258";"—"
"509";"2";"—";"229";"229";"81";"Участвует в конкурсе";"1973999";"—"
"510";"3";"—";"229";"229";"72";"Участвует в конкурсе";"1859885";"—"
"511";"3";"—";"229";"229";"70";"Участвует в конкурсе";"1726739";"—"
"512";"3";"—";"229";"229";"83";"Участвует в конкурсе";"1354753";"—"
"513";"3";"—";"229";"229";"77";"Участвует в конкурсе";"1592516";"—"
"514";"2";"—";"229";"224";"80";"Участвует в конкурсе";"1247193";"—"
"515";"1";"—";"229";"224";"83";"Участвует в конкурсе";"1353902";"—"
"516";"5";"—";"228";"228";"72";"Участвует в конкурсе";"1386807";"—"
"517";"2";"—";"228";"228";"73";"Участвует в конкурсе";"2262419";"—"
"518";"2";"—";"228";"228";"68";"Участвует в конкурсе";"1246417";"—"
"519";"3";"—";"228";"228";"68";"Участвует в конкурсе";"1984325";"—"
"520";"2";"—";"228";"228";"78";"Участвует в конкурсе";"1363193";"—"
"521";"5";"—";"228";"228";"75";"Участвует в конкурсе";"1259838";"—"
"522";"2";"—";"228";"228";"75";"Участвует в конкурсе";"1773504";"—"
"523";"3";"—";"228";"228";"80";"Участвует в конкурсе";"2303008";"—"
"524";"1";"—";"228";"228";"75";"Участвует в конкурсе";"1032073";"—"
"525";"2";"—";"228";"228";"66";"Участвует в конкурсе";"1100220";"—"
"526";"1";"—";"228";"228";"79";"Участвует в конкурсе";"1760296";"—"
"527";"1";"—";"228";"228";"79";"Участвует в конкурсе";"1794352";"—"
"528";"3";"—";"228";"228";"83";"Участвует в конкурсе";"1899437";"—"
"529";"1";"—";"228";"228";"85";"Участвует в конкурсе";"1637631";"—"
"530";"1";"—";"228";"228";"67";"Участвует в конкурсе";"1363991";"—"
"531";"1";"—";"228";"225";"78";"Участвует в конкурсе";"1725606";"—"
"532";"3";"—";"228";"223";"70";"Участвует в конкурсе";"1929215";"—"
"533";"2";"—";"228";"223";"64";"Участвует в конкурсе";"2142408";"—"
"534";"1";"—";"228";"223";"76";"Участвует в конкурсе";"1248081";"—"
"535";"2";"—";"228";"223";"75";"Участвует в конкурсе";"1365966";"—"
"536";"1";"—";"227";"227";"76";"Участвует в конкурсе";"1973901";"—"
"537";"2";"—";"227";"227";"76";"Участвует в конкурсе";"2371852";"—"
"538";"2";"—";"227";"227";"67";"Участвует в конкурсе";"2382707";"—"
"539";"2";"—";"227";"227";"75";"На рассмотрении";"1289269";"—"
"540";"3";"—";"227";"227";"80";"Участвует в конкурсе";"1678333";"—"
"541";"3";"—";"227";"227";"85";"Участвует в конкурсе";"2423594";"—"
"542";"4";"—";"227";"227";"72";"Участвует в конкурсе";"974501";"—"
"543";"3";"—";"227";"227";"72";"Участвует в конкурсе";"1399863";"—"
"544";"2";"—";"227";"227";"72";"Участвует в конкурсе";"1441501";"—"
"545";"1";"—";"227";"227";"79";"На рассмотрении";"1832561";"—"
"546";"3";"—";"227";"222";"71";"Участвует в конкурсе";"1502083";"—"
"547";"3";"—";"227";"222";"73";"Участвует в конкурсе";"1399840";"—"
"548";"2";"—";"227";"222";"75";"Участвует в конкурсе";"1882144";"—"
"549";"2";"—";"227";"222";"78";"Участвует в конкурсе";"1176705";"—"
"550";"3";"—";"227";"222";"77";"Участвует в конкурсе";"1204614";"—"
"551";"2";"—";"227";"222";"79";"Участвует в конкурсе";"1688154";"—"
"552";"2";"—";"227";"222";"77";"Участвует в конкурсе";"1499065";"—"
"553";"1";"—";"227";"222";"74";"Участвует в конкурсе";"1337649";"—"
"554";"2";"—";"227";"222";"80";"Участвует в конкурсе";"2316832";"—"
"555";"2";"—";"226";"226";"67";"Участвует в конкурсе";"1597659";"—"
"556";"2";"—";"226";"226";"67";"Участвует в конкурсе";"1758597";"—"
"557";"1";"—";"226";"226";"72";"Участвует в конкурсе";"2134047";"—"
"558";"3";"—";"226";"226";"66";"Участвует в конкурсе";"1977924";"—"
"559";"2";"—";"226";"226";"79";"Участвует в конкурсе";"1318677";"—"
"560";"2";"—";"226";"226";"78";"Участвует в конкурсе";"1612821";"—"
"561";"2";"—";"226";"226";"81";"Участвует в конкурсе";"1842410";"—"
"562";"2";"—";"226";"226";"78";"Участвует в конкурсе";"2246924";"—"
"563";"2";"—";"226";"226";"72";"Участвует в конкурсе";"2182069";"—"
"564";"2";"—";"226";"226";"67";"Участвует в конкурсе";"1446476";"—"
"565";"1";"—";"226";"226";"80";"Участвует в конкурсе";"1849228";"—"
"566";"3";"—";"226";"226";"73";"Участвует в конкурсе";"1440839";"—"
"567";"1";"—";"226";"226";"90";"На рассмотрении";"1645563";"—"
"568";"2";"—";"226";"226";"85";"Участвует в конкурсе";"1312114";"—"
"569";"3";"—";"226";"221";"71";"Участвует в конкурсе";"1399361";"—"
"570";"1";"—";"226";"221";"75";"На рассмотрении";"1877276";"—"
"571";"2";"—";"226";"221";"66";"Участвует в конкурсе";"1215019";"—"
"572";"1";"—";"226";"221";"66";"Участвует в конкурсе";"1905752";"—"
"573";"2";"—";"226";"221";"79";"Участвует в конкурсе";"1842902";"—"
"574";"2";"—";"226";"221";"90";"Участвует в конкурсе";"1850551";"—"
"575";"1";"—";"225";"225";"67";"Участвует в конкурсе";"1239605";"—"
"576";"1";"—";"225";"225";"74";"Участвует в конкурсе";"1330890";"—"
"577";"1";"—";"225";"225";"70";"Участвует в конкурсе";"2051668";"—"
"578";"2";"—";"225";"225";"70";"Участвует в конкурсе";"1977945";"—"
"579";"3";"—";"225";"225";"72";"Участвует в конкурсе";"1487590";"—"
"580";"2";"—";"225";"225";"80";"Участвует в конкурсе";"1948409";"—"
"581";"2";"—";"225";"225";"79";"Участвует в конкурсе";"2403097";"—"
"582";"2";"—";"225";"225";"71";"Участвует в конкурсе";"2052903";"—"
"583";"2";"—";"225";"225";"63";"Участвует в конкурсе";"1829643";"—"
"584";"2";"—";"225";"225";"79";"Участвует в конкурсе";"1695690";"—"
"585";"2";"—";"225";"225";"80";"Участвует в конкурсе";"1730377";"—"
"586";"4";"—";"225";"225";"83";"Участвует в конкурсе";"2254535";"—"
"587";"2";"—";"225";"225";"78";"Участвует в конкурсе";"1194045";"—"
"588";"3";"—";"225";"220";"75";"Участвует в конкурсе";"1431582";"—"
"589";"2";"—";"225";"220";"70";"Участвует в конкурсе";"1290630";"—"
"590";"2";"—";"225";"215";"62";"Участвует в конкурсе";"1644196";"—"
"591";"1";"—";"224";"224";"74";"Участвует в конкурсе";"1431652";"—"
"592";"2";"—";"224";"224";"72";"Участвует в конкурсе";"1285810";"—"
"593";"4";"—";"224";"224";"78";"Участвует в конкурсе";"2271525";"—"
"594";"1";"—";"224";"224";"75";"Участвует в конкурсе";"1557906";"—"
"595";"2";"—";"224";"224";"73";"Участвует в конкурсе";"1759161";"—"
"596";"3";"—";"224";"224";"68";"Участвует в конкурсе";"1626030";"—"
"597";"2";"—";"224";"224";"76";"На рассмотрении";"1346006";"—"
"598";"2";"—";"224";"224";"90";"Участвует в конкурсе";"1197638";"—"
"599";"2";"—";"224";"224";"84";"Участвует в конкурсе";"1676125";"—"
"600";"3";"—";"224";"224";"79";"Участвует в конкурсе";"1442567";"—"
"601";"2";"—";"224";"224";"79";"Участвует в конкурсе";"2418391";"—"
"602";"2";"—";"224";"224";"76";"Участвует в конкурсе";"1986642";"—"
"603";"3";"—";"224";"224";"77";"Участвует в конкурсе";"2371503";"—"
"604";"3";"—";"224";"219";"76";"Участвует в конкурсе";"2180668";"—"
"605";"1";"—";"224";"219";"60";"Участвует в конкурсе";"2366449";"—"
"606";"2";"—";"224";"219";"78";"Участвует в конкурсе";"2237222";"—"
"607";"2";"—";"224";"219";"73";"Участвует в конкурсе";"1445128";"—"
"608";"1";"—";"223";"223";"75";"Участвует в конкурсе";"1782699";"—"
"609";"1";"—";"223";"223";"56";"На рассмотрении";"1577377";"—"
"610";"2";"—";"223";"223";"75";"Участвует в конкурсе";"2388815";"—"
"611";"3";"—";"223";"223";"79";"Участвует в конкурсе";"1095253";"—"
"612";"2";"—";"223";"223";"77";"Участвует в конкурсе";"1102893";"—"
"613";"3";"—";"223";"223";"71";"Участвует в конкурсе";"1958904";"—"
"614";"2";"—";"223";"223";"68";"Участвует в конкурсе";"1776374";"—"
"615";"2";"—";"223";"223";"86";"Участвует в конкурсе";"1617166";"—"
"616";"3";"—";"223";"223";"83";"Участвует в конкурсе";"1292759";"—"
"617";"2";"—";"223";"223";"80";"Участвует в конкурсе";"2253225";"—"
"618";"1";"—";"223";"223";"70";"Участвует в конкурсе";"1481478";"—"
"619";"4";"—";"223";"223";"64";"Участвует в конкурсе";"995480";"—"
"620";"2";"—";"223";"220";"64";"Участвует в конкурсе";"1204029";"—"
"621";"5";"—";"223";"218";"70";"Участвует в конкурсе";"2270235";"—"
"622";"3";"—";"223";"218";"73";"Участвует в конкурсе";"1612635";"—"
"623";"2";"—";"223";"218";"73";"Участвует в конкурсе";"1699711";"—"
"624";"2";"—";"223";"218";"73";"Участвует в конкурсе";"1721046";"—"
"625";"2";"—";"223";"218";"65";"Участвует в конкурсе";"1962633";"—"
"626";"2";"—";"222";"222";"78";"Участвует в конкурсе";"1394108";"—"
"627";"3";"—";"222";"222";"63";"Участвует в конкурсе";"2057077";"—"
"628";"2";"—";"222";"222";"73";"Участвует в конкурсе";"831378";"—"
"629";"4";"—";"222";"222";"83";"Участвует в конкурсе";"1652309";"—"
"630";"4";"—";"222";"222";"75";"Участвует в конкурсе";"1078155";"—"
"631";"2";"—";"222";"222";"72";"Участвует в конкурсе";"2075006";"—"
"632";"3";"—";"222";"222";"77";"Участвует в конкурсе";"1440704";"—"
"633";"1";"—";"222";"222";"71";"Участвует в конкурсе";"1584885";"—"
"634";"1";"—";"222";"222";"75";"Участвует в конкурсе";"1984894";"—"
"635";"5";"—";"222";"222";"70";"Участвует в конкурсе";"1694810";"—"
"636";"2";"—";"222";"222";"78";"Участвует в конкурсе";"2121220";"—"
"637";"3";"—";"222";"222";"77";"Участвует в конкурсе";"1918820";"—"
"638";"2";"—";"222";"222";"75";"Участвует в конкурсе";"1916312";"—"
"639";"2";"—";"222";"222";"69";"Участвует в конкурсе";"2257482";"—"
"640";"1";"—";"222";"222";"77";"Участвует в конкурсе";"1780552";"—"
"641";"3";"—";"222";"217";"68";"Участвует в конкурсе";"1349306";"—"
"642";"1";"—";"222";"217";"63";"Участвует в конкурсе";"1315923";"—"
"643";"3";"—";"221";"221";"67";"Участвует в конкурсе";"1778798";"—"
"644";"1";"—";"221";"221";"67";"Участвует в конкурсе";"2342865";"—"
"645";"4";"—";"221";"221";"72";"Участвует в конкурсе";"1713123";"—"
"646";"2";"—";"221";"221";"71";"Участвует в конкурсе";"1441575";"—"
"647";"5";"—";"221";"221";"72";"Участвует в конкурсе";"1693946";"—"
"648";"3";"—";"221";"221";"72";"Участвует в конкурсе";"1915397";"—"
"649";"4";"—";"221";"221";"80";"Участвует в конкурсе";"1191256";"—"
"650";"2";"—";"221";"221";"75";"Участвует в конкурсе";"1334388";"—"
"651";"1";"—";"221";"221";"72";"Участвует в конкурсе";"964894";"—"
"652";"1";"—";"221";"221";"66";"Участвует в конкурсе";"1794773";"—"
"653";"1";"—";"221";"221";"82";"Участвует в конкурсе";"1727039";"—"
"654";"2";"—";"221";"221";"74";"Участвует в конкурсе";"2215487";"—"
"655";"2";"—";"221";"221";"81";"Участвует в конкурсе";"2368730";"—"
"656";"3";"—";"221";"221";"79";"Участвует в конкурсе";"2051367";"—"
"657";"1";"—";"221";"221";"76";"Участвует в конкурсе";"2002807";"—"
"658";"1";"—";"221";"221";"84";"Участвует в конкурсе";"1720136";"—"
"659";"1";"—";"221";"216";"70";"Участвует в конкурсе";"1353345";"—"
"660";"3";"—";"221";"216";"70";"Участвует в конкурсе";"977818";"—"
"661";"2";"—";"221";"216";"66";"Участвует в конкурсе";"1515544";"—"
"662";"1";"—";"221";"216";"71";"Участвует в конкурсе";"1640833";"—"
"663";"2";"—";"221";"216";"71";"Участвует в конкурсе";"1605918";"—"
"664";"1";"—";"220";"220";"73";"Участвует в конкурсе";"1001392";"—"
"665";"3";"—";"220";"220";"68";"Участвует в конкурсе";"1095466";"—"
"666";"3";"—";"220";"220";"75";"Участвует в конкурсе";"1416690";"—"
"667";"1";"—";"220";"220";"83";"Участвует в конкурсе";"1238595";"—"
"668";"2";"—";"220";"220";"71";"Участвует в конкурсе";"2413138";"—"
"669";"1";"—";"220";"220";"60";"Участвует в конкурсе";"1842264";"—"
"670";"3";"—";"220";"220";"84";"Участвует в конкурсе";"2240117";"—"
"671";"1";"—";"220";"220";"79";"Участвует в конкурсе";"1540489";"—"
"672";"2";"—";"220";"220";"78";"Участвует в конкурсе";"1252471";"—"
"673";"1";"—";"220";"220";"73";"Участвует в конкурсе";"1364177";"—"
"674";"2";"—";"220";"220";"62";"Участвует в конкурсе";"1263505";"—"
"675";"1";"—";"220";"220";"81";"Участвует в конкурсе";"1795520";"—"
"676";"2";"—";"220";"217";"71";"Участвует в конкурсе";"1766901";"—"
"677";"2";"—";"220";"215";"69";"Участвует в конкурсе";"1637730";"—"
"678";"2";"—";"220";"215";"70";"Участвует в конкурсе";"2236961";"—"
"679";"3";"—";"220";"215";"70";"Участвует в конкурсе";"2272981";"—"
"680";"1";"—";"220";"215";"78";"Участвует в конкурсе";"1558932";"—"
"681";"2";"—";"219";"219";"78";"Участвует в конкурсе";"1288662";"—"
"682";"2";"—";"219";"219";"70";"Участвует в конкурсе";"1511603";"—"
"683";"3";"—";"219";"219";"75";"Участвует в конкурсе";"1900946";"—"
"684";"2";"—";"219";"219";"72";"Участвует в конкурсе";"1170700";"—"
"685";"2";"—";"219";"219";"71";"Участвует в конкурсе";"1506011";"—"
"686";"3";"—";"219";"219";"71";"Участвует в конкурсе";"1900816";"—"
"687";"2";"—";"219";"219";"70";"Участвует в конкурсе";"1817704";"—"
"688";"5";"—";"219";"219";"75";"Участвует в конкурсе";"1566136";"—"
"689";"2";"—";"219";"219";"67";"На рассмотрении";"1322682";"—"
"690";"1";"—";"219";"219";"67";"Участвует в конкурсе";"1604700";"—"
"691";"1";"—";"219";"219";"64";"Участвует в конкурсе";"2027208";"—"
"692";"2";"—";"219";"219";"78";"Участвует в конкурсе";"1557254";"—"
"693";"2";"—";"219";"219";"74";"Участвует в конкурсе";"1429167";"—"
"694";"2";"—";"219";"219";"66";"Участвует в конкурсе";"1202835";"—"
"695";"3";"—";"219";"219";"64";"На рассмотрении";"1342173";"—"
"696";"1";"—";"219";"219";"76";"Участвует в конкурсе";"1916367";"—"
"697";"2";"—";"219";"219";"74";"Участвует в конкурсе";"1491321";"—"
"698";"2";"—";"219";"219";"80";"Участвует в конкурсе";"1792253";"—"
"699";"2";"—";"219";"214";"62";"Участвует в конкурсе";"1380898";"—"
"700";"2";"—";"219";"214";"63";"Участвует в конкурсе";"1333250";"—"
"701";"2";"—";"219";"214";"70";"Участвует в конкурсе";"1638153";"—"
"702";"1";"—";"219";"214";"70";"Участвует в конкурсе";"2262882";"—"
"703";"2";"—";"219";"214";"71";"Участвует в конкурсе";"1362920";"—"
"704";"5";"—";"219";"214";"81";"Участвует в конкурсе";"1903665";"—"
"705";"2";"—";"218";"218";"67";"Участвует в конкурсе";"2052130";"—"
"706";"2";"—";"218";"218";"68";"Участвует в конкурсе";"1906652";"—"
"707";"1";"—";"218";"218";"80";"Участвует в конкурсе";"1696265";"—"
"708";"5";"—";"218";"218";"70";"Участвует в конкурсе";"1994947";"—"
"709";"2";"—";"218";"218";"67";"Участвует в конкурсе";"1550508";"—"
"710";"2";"—";"218";"218";"75";"Участвует в конкурсе";"1383149";"—"
"711";"3";"—";"218";"218";"67";"Участвует в конкурсе";"1693033";"—"
"712";"2";"—";"218";"218";"59";"Участвует в конкурсе";"1907074";"—"
"713";"1";"—";"218";"218";"63";"Участвует в конкурсе";"2318274";"—"
"714";"1";"—";"218";"218";"77";"Участвует в конкурсе";"1442465";"—"
"715";"2";"—";"218";"213";"68";"Участвует в конкурсе";"1721349";"—"
"716";"2";"—";"218";"213";"70";"Участвует в конкурсе";"1911182";"—"
"717";"2";"—";"218";"213";"67";"Участвует в конкурсе";"1215540";"—"
"718";"4";"—";"218";"213";"67";"Участвует в конкурсе";"2336650";"—"
"719";"3";"—";"218";"213";"73";"Участвует в конкурсе";"1644856";"—"
"720";"2";"—";"218";"213";"70";"Участвует в конкурсе";"1496242";"—"
"721";"3";"—";"217";"217";"56";"Участвует в конкурсе";"2093452";"—"
"722";"3";"—";"217";"217";"70";"Участвует в конкурсе";"1960241";"—"
"723";"3";"—";"217";"217";"75";"Участвует в конкурсе";"2313270";"—"
"724";"2";"—";"217";"217";"72";"Участвует в конкурсе";"1826229";"—"
"725";"1";"—";"217";"217";"70";"Участвует в конкурсе";"1322670";"—"
"726";"1";"—";"217";"217";"84";"Участвует в конкурсе";"1211110";"—"
"727";"2";"—";"217";"217";"81";"Участвует в конкурсе";"1640319";"—"
"728";"2";"—";"217";"217";"77";"Участвует в конкурсе";"1304713";"—"
"729";"2";"—";"217";"217";"72";"Участвует в конкурсе";"1241597";"—"
"730";"2";"—";"217";"217";"84";"Участвует в конкурсе";"2246270";"—"
"731";"2";"—";"217";"214";"81";"Участвует в конкурсе";"1618445";"—"
"732";"1";"—";"217";"214";"72";"Участвует в конкурсе";"1181075";"—"
"733";"1";"—";"217";"212";"68";"Участвует в конкурсе";"1400266";"—"
"734";"4";"—";"217";"212";"75";"Участвует в конкурсе";"1706119";"—"
"735";"4";"—";"216";"216";"70";"Участвует в конкурсе";"2056606";"—"
"736";"2";"—";"216";"216";"64";"Участвует в конкурсе";"1915906";"—"
"737";"1";"—";"216";"216";"67";"Участвует в конкурсе";"1041525";"—"
"738";"2";"—";"216";"216";"59";"Участвует в конкурсе";"1197341";"—"
"739";"2";"—";"216";"216";"78";"Участвует в конкурсе";"1175076";"—"
"740";"2";"—";"216";"216";"73";"Участвует в конкурсе";"1915304";"—"
"741";"3";"—";"216";"216";"72";"Участвует в конкурсе";"2292320";"—"
"742";"1";"—";"216";"216";"70";"Участвует в конкурсе";"1428145";"—"
"743";"1";"—";"216";"216";"70";"Участвует в конкурсе";"1644876";"—"
"744";"2";"—";"216";"216";"78";"Участвует в конкурсе";"1423441";"—"
"745";"1";"—";"216";"216";"77";"Участвует в конкурсе";"1409881";"—"
"746";"1";"—";"216";"216";"74";"Участвует в конкурсе";"1646549";"—"
"747";"2";"—";"216";"216";"77";"Участвует в конкурсе";"2176926";"—"
"748";"2";"—";"216";"216";"71";"Участвует в конкурсе";"1168912";"—"
"749";"2";"—";"216";"216";"71";"Участвует в конкурсе";"1554011";"—"
"750";"1";"—";"216";"216";"80";"Участвует в конкурсе";"1625172";"—"
"751";"1";"—";"216";"216";"83";"Участвует в конкурсе";"1996414";"—"
"752";"2";"—";"216";"216";"83";"Участвует в конкурсе";"2089927";"—"
"753";"1";"—";"216";"211";"57";"Участвует в конкурсе";"2176680";"—"
"754";"1";"—";"215";"215";"66";"Участвует в конкурсе";"1783913";"—"
"755";"1";"—";"215";"215";"64";"Участвует в конкурсе";"1280412";"—"
"756";"2";"—";"215";"215";"59";"Участвует в конкурсе";"1269818";"—"
"757";"2";"—";"215";"215";"67";"Участвует в конкурсе";"1354634";"—"
"758";"2";"—";"215";"215";"75";"Участвует в конкурсе";"2182980";"—"
"759";"3";"—";"215";"215";"68";"Участвует в конкурсе";"1484286";"—"
"760";"1";"—";"215";"215";"68";"Участвует в конкурсе";"2156129";"—"
"761";"2";"—";"215";"215";"66";"Участвует в конкурсе";"1245985";"—"
"762";"2";"—";"215";"215";"76";"Участвует в конкурсе";"1605806";"—"
"763";"2";"—";"215";"215";"71";"Участвует в конкурсе";"1731867";"—"
"764";"3";"—";"215";"215";"73";"Участвует в конкурсе";"1480859";"—"
"765";"1";"—";"215";"210";"68";"На рассмотрении";"2213587";"—"
"766";"1";"—";"215";"210";"72";"Участвует в конкурсе";"1476151";"—"
"767";"3";"—";"214";"214";"70";"Участвует в конкурсе";"1256610";"—"
"768";"3";"—";"214";"214";"59";"Участвует в конкурсе";"1953094";"—"
"769";"2";"—";"214";"214";"66";"Участвует в конкурсе";"1611811";"—"
"770";"4";"—";"214";"214";"78";"Участвует в конкурсе";"1824704";"—"
"771";"4";"—";"214";"214";"80";"Участвует в конкурсе";"1415590";"—"
"772";"3";"—";"214";"214";"71";"На рассмотрении";"1129930";"—"
"773";"3";"—";"214";"214";"70";"Участвует в конкурсе";"1857374";"—"
"774";"3";"—";"214";"214";"68";"Участвует в конкурсе";"1177883";"—"
"775";"1";"—";"214";"214";"78";"Участвует в конкурсе";"1206732";"—"
"776";"1";"—";"214";"214";"78";"Участвует в конкурсе";"2361601";"—"
"777";"2";"—";"214";"214";"70";"Участвует в конкурсе";"1275109";"—"
"778";"1";"—";"214";"214";"77";"Участвует в конкурсе";"1284150";"—"
"779";"3";"—";"214";"214";"72";"Участвует в конкурсе";"1596116";"—"
"780";"2";"—";"214";"214";"71";"Участвует в конкурсе";"1005625";"—"
"781";"2";"—";"214";"214";"69";"Участвует в конкурсе";"1722695";"—"
"782";"3";"—";"214";"214";"63";"Участвует в конкурсе";"1205679";"—"
"783";"1";"—";"214";"214";"85";"Участвует в конкурсе";"1020625";"—"
"784";"1";"—";"214";"214";"81";"Участвует в конкурсе";"1829220";"—"
"785";"2";"—";"214";"214";"77";"Участвует в конкурсе";"1186708";"—"
"786";"1";"—";"214";"209";"64";"На рассмотрении";"1357187";"—"
"787";"1";"—";"214";"209";"68";"Участвует в конкурсе";"1999158";"—"
"788";"4";"—";"214";"209";"59";"На рассмотрении";"2077145";"—"
"789";"1";"—";"214";"209";"69";"На рассмотрении";"1432426";"—"
"790";"4";"—";"213";"213";"64";"Участвует в конкурсе";"1133522";"—"
"791";"2";"—";"213";"213";"67";"Участвует в конкурсе";"1936951";"—"
"792";"2";"—";"213";"213";"64";"Участвует в конкурсе";"2099449";"—"
"793";"2";"—";"213";"213";"64";"Участвует в конкурсе";"2050695";"—"
"794";"2";"—";"213";"213";"72";"Участвует в конкурсе";"1581651";"—"
"795";"2";"—";"213";"213";"67";"Участвует в конкурсе";"1600342";"—"
"796";"2";"—";"213";"213";"64";"Участвует в конкурсе";"1521820";"—"
"797";"1";"—";"213";"213";"62";"Участвует в конкурсе";"2216262";"—"
"798";"4";"—";"213";"213";"64";"Участвует в конкурсе";"2221584";"—"
"799";"4";"—";"213";"213";"78";"Участвует в конкурсе";"1433476";"—"
"800";"1";"—";"213";"213";"75";"Участвует в конкурсе";"1202582";"—"
"801";"1";"—";"213";"213";"75";"Участвует в конкурсе";"1768994";"—"
"802";"2";"—";"213";"213";"71";"Участвует в конкурсе";"1570172";"—"
"803";"1";"—";"213";"213";"80";"Участвует в конкурсе";"1500697";"—"
"804";"2";"—";"213";"213";"70";"Участвует в конкурсе";"1286761";"—"
"805";"1";"—";"213";"213";"70";"Участвует в конкурсе";"2248091";"—"
"806";"1";"—";"213";"213";"63";"Участвует в конкурсе";"1909319";"—"
"807";"1";"—";"213";"210";"64";"Участвует в конкурсе";"1505858";"—"
"808";"1";"—";"213";"208";"63";"На рассмотрении";"1381698";"—"
"809";"2";"—";"213";"208";"55";"На рассмотрении";"1975728";"—"
"810";"1";"—";"213";"208";"62";"На рассмотрении";"1073865";"—"
"811";"3";"—";"213";"208";"64";"На рассмотрении";"1012973";"—"
"812";"1";"—";"213";"208";"74";"На рассмотрении";"1897894";"—"
"813";"3";"—";"212";"212";"67";"На рассмотрении";"1262974";"—"
"814";"2";"—";"212";"212";"64";"Участвует в конкурсе";"2380504";"—"
"815";"1";"—";"212";"212";"70";"Участвует в конкурсе";"2067524";"—"
"816";"3";"—";"212";"212";"64";"Участвует в конкурсе";"1720122";"—"
"817";"2";"—";"212";"212";"64";"Участвует в конкурсе";"1425929";"—"
"818";"2";"—";"212";"212";"65";"Участвует в конкурсе";"1915847";"—"
"819";"2";"—";"212";"212";"70";"Участвует в конкурсе";"1284957";"—"
"820";"3";"—";"212";"212";"67";"Участвует в конкурсе";"1845741";"—"
"821";"2";"—";"212";"212";"75";"Участвует в конкурсе";"2168546";"—"
"822";"2";"—";"212";"212";"67";"Участвует в конкурсе";"2047600";"—"
"823";"2";"—";"212";"209";"73";"На рассмотрении";"1520496";"—"
"824";"1";"—";"212";"207";"68";"На рассмотрении";"1821392";"—"
"825";"2";"—";"212";"207";"68";"На рассмотрении";"1987974";"—"
"826";"4";"—";"211";"211";"70";"Участвует в конкурсе";"1987104";"—"
"827";"2";"—";"211";"211";"67";"Участвует в конкурсе";"1253365";"—"
"828";"2";"—";"211";"211";"70";"Участвует в конкурсе";"1312884";"—"
"829";"1";"—";"211";"211";"64";"Участвует в конкурсе";"1788142";"—"
"830";"3";"—";"211";"211";"55";"Участвует в конкурсе";"1288857";"—"
"831";"1";"—";"211";"211";"72";"Участвует в конкурсе";"1230171";"—"
"832";"3";"—";"211";"211";"71";"Участвует в конкурсе";"1092450";"—"
"833";"2";"—";"211";"211";"74";"Участвует в конкурсе";"2224392";"—"
"834";"1";"—";"211";"211";"70";"На рассмотрении";"1169679";"—"
"835";"1";"—";"211";"211";"70";"Участвует в конкурсе";"1440416";"—"
"836";"3";"—";"211";"211";"68";"Участвует в конкурсе";"1362632";"—"
"837";"2";"—";"211";"211";"65";"Участвует в конкурсе";"1686450";"—"
"838";"2";"—";"211";"211";"82";"Участвует в конкурсе";"1913013";"—"
"839";"1";"—";"211";"211";"78";"Участвует в конкурсе";"2282238";"—"
"840";"3";"—";"211";"211";"72";"Участвует в конкурсе";"1309255";"—"
"841";"3";"—";"211";"211";"72";"Участвует в конкурсе";"1626871";"—"
"842";"3";"—";"211";"211";"64";"Участвует в конкурсе";"1389387";"—"
"843";"2";"—";"211";"211";"77";"Участвует в конкурсе";"1386777";"—"
"844";"2";"—";"211";"211";"77";"Участвует в конкурсе";"1909075";"—"
"845";"2";"—";"211";"206";"64";"На рассмотрении";"1562142";"—"
"846";"2";"—";"211";"206";"56";"Участвует в конкурсе";"2031380";"—"
"847";"3";"—";"211";"206";"66";"На рассмотрении";"1211055";"—"
"848";"2";"—";"211";"206";"57";"На рассмотрении";"1399727";"—"
"849";"2";"—";"211";"206";"62";"На рассмотрении";"1819176";"—"
"850";"2";"—";"211";"206";"56";"На рассмотрении";"1938702";"—"
"851";"3";"—";"210";"210";"57";"Участвует в конкурсе";"1795449";"—"
"852";"3";"—";"210";"210";"71";"Участвует в конкурсе";"1361211";"—"
"853";"2";"—";"210";"210";"72";"Участвует в конкурсе";"2054441";"—"
"854";"5";"—";"210";"210";"70";"Участвует в конкурсе";"1987178";"—"
"855";"1";"—";"210";"210";"64";"Участвует в конкурсе";"1568418";"—"
"856";"3";"—";"210";"210";"64";"Участвует в конкурсе";"1966075";"—"
"857";"2";"—";"210";"210";"63";"Участвует в конкурсе";"1797908";"—"
"858";"2";"—";"210";"210";"77";"На рассмотрении";"1180247";"—"
"859";"3";"—";"210";"210";"75";"Участвует в конкурсе";"2260609";"—"
"860";"2";"—";"210";"210";"74";"Участвует в конкурсе";"1798942";"—"
"861";"2";"—";"210";"210";"69";"Участвует в конкурсе";"1573353";"—"
"862";"5";"—";"210";"210";"57";"Участвует в конкурсе";"1736997";"—"
"863";"2";"—";"210";"210";"76";"Участвует в конкурсе";"1171551";"—"
"864";"1";"—";"210";"210";"76";"Участвует в конкурсе";"1700856";"—"
"865";"1";"—";"210";"210";"70";"Участвует в конкурсе";"1232824";"—"
"866";"2";"—";"210";"210";"70";"Участвует в конкурсе";"1584492";"—"
"867";"2";"—";"210";"205";"63";"На рассмотрении";"1364320";"—"
"868";"2";"—";"209";"209";"60";"На рассмотрении";"1910076";"—"
"869";"2";"—";"209";"209";"67";"На рассмотрении";"1104933";"—"
"870";"3";"—";"209";"209";"67";"На рассмотрении";"1181032";"—"
"871";"1";"—";"209";"209";"66";"На рассмотрении";"1655945";"—"
"872";"4";"—";"209";"209";"78";"Участвует в конкурсе";"1913902";"—"
"873";"3";"—";"209";"209";"67";"На рассмотрении";"1179755";"—"
"874";"5";"—";"209";"209";"62";"На рассмотрении";"1256560";"—"
"875";"2";"—";"209";"209";"62";"На рассмотрении";"1915455";"—"
"876";"2";"—";"209";"209";"70";"На рассмотрении";"2215359";"—"
"877";"3";"—";"209";"209";"61";"На рассмотрении";"2297084";"—"
"878";"2";"—";"209";"209";"78";"На рассмотрении";"1791966";"—"
"879";"2";"—";"209";"209";"75";"На рассмотрении";"1845152";"—"
"880";"1";"—";"209";"204";"73";"На рассмотрении";"1328109";"—"
"881";"2";"—";"208";"208";"63";"На рассмотрении";"1201104";"—"
"882";"1";"—";"208";"208";"63";"На рассмотрении";"1291503";"—"
"883";"2";"—";"208";"208";"63";"На рассмотрении";"1259996";"—"
"884";"1";"—";"208";"208";"55";"На рассмотрении";"2099396";"—"
"885";"3";"—";"208";"208";"66";"На рассмотрении";"1206595";"—"
"886";"1";"—";"208";"208";"60";"На рассмотрении";"2411921";"—"
"887";"1";"—";"207";"207";"67";"На рассмотрении";"2369345";"—"
"888";"2";"—";"207";"207";"70";"На рассмотрении";"1201411";"—"
"889";"2";"—";"207";"207";"69";"На рассмотрении";"1898827";"—"
"890";"2";"—";"207";"207";"66";"На рассмотрении";"1508500";"—"
"891";"3";"—";"207";"207";"64";"На рассмотрении";"1973651";"—"
"892";"2";"—";"207";"207";"75";"На рассмотрении";"1361516";"—"
"893";"2";"—";"207";"207";"63";"На рассмотрении";"2260007";"—"
"894";"1";"—";"207";"207";"60";"На рассмотрении";"1644385";"—"
"895";"1";"—";"207";"207";"71";"На рассмотрении";"1207000";"—"
"896";"3";"—";"207";"207";"70";"На рассмотрении";"1328172";"—"
"897";"3";"—";"207";"207";"62";"На рассмотрении";"1138647";"—"
"898";"2";"—";"207";"207";"59";"На рассмотрении";"2003782";"—"
"899";"2";"—";"207";"207";"56";"На рассмотрении";"1719798";"—"
"900";"3";"—";"207";"207";"70";"На рассмотрении";"1514618";"—"
"901";"1";"—";"207";"207";"76";"Участвует в конкурсе";"1314816";"—"
"902";"1";"—";"206";"206";"68";"На рассмотрении";"1268105";"—"
"903";"2";"—";"206";"206";"66";"На рассмотрении";"2273738";"—"
"904";"3";"—";"206";"206";"62";"На рассмотрении";"1123741";"—"
"905";"4";"—";"206";"206";"72";"На рассмотрении";"2006299";"—"
"906";"1";"—";"206";"206";"70";"На рассмотрении";"1328763";"—"
"907";"3";"—";"206";"201";"68";"На рассмотрении";"1794606";"—"
"908";"1";"—";"206";"201";"74";"На рассмотрении";"2336304";"—"
"909";"2";"—";"205";"205";"55";"На рассмотрении";"1448228";"—"
"910";"2";"—";"205";"205";"64";"На рассмотрении";"1796398";"—"
"911";"3";"—";"205";"205";"63";"На рассмотрении";"1915127";"—"
"912";"4";"—";"205";"205";"62";"На рассмотрении";"1843132";"—"
"913";"5";"—";"205";"205";"78";"На рассмотрении";"1551495";"—"
"914";"2";"—";"205";"205";"72";"На рассмотрении";"1205900";"—"
"915";"2";"—";"205";"205";"66";"На рассмотрении";"1648105";"—"
"916";"1";"—";"205";"205";"77";"На рассмотрении";"1821527";"—"
"917";"1";"—";"205";"205";"80";"На рассмотрении";"2043463";"—"
"918";"1";"—";"205";"205";"66";"На рассмотрении";"1550401";"—"
"919";"2";"—";"205";"200";"65";"На рассмотрении";"1320000";"—"
"920";"2";"—";"204";"204";"70";"На рассмотрении";"1396138";"—"
"921";"3";"—";"204";"204";"63";"На рассмотрении";"1416284";"—"
"922";"2";"—";"204";"204";"64";"На рассмотрении";"1463281";"—"
"923";"2";"—";"204";"201";"57";"На рассмотрении";"1515066";"—"
"924";"2";"—";"204";"199";"60";"На рассмотрении";"1312542";"—"
"925";"1";"—";"203";"203";"70";"На рассмотрении";"2182378";"—"
"926";"2";"—";"203";"203";"66";"На рассмотрении";"2002956";"—"
"927";"1";"—";"203";"203";"66";"На рассмотрении";"2163997";"—"
"928";"2";"—";"203";"203";"62";"На рассмотрении";"1361510";"—"
"929";"2";"—";"203";"203";"60";"На рассмотрении";"1914186";"—"
"930";"4";"—";"203";"203";"64";"На рассмотрении";"1629087";"—"
"931";"2";"—";"203";"203";"56";"На рассмотрении";"1318858";"—"
"932";"2";"—";"203";"203";"56";"На рассмотрении";"1585879";"—"
"933";"2";"—";"203";"203";"69";"На рассмотрении";"1182260";"—"
"934";"3";"—";"203";"203";"81";"На рассмотрении";"1715207";"—"
"935";"1";"—";"203";"203";"70";"На рассмотрении";"1561403";"—"
"936";"3";"—";"203";"203";"70";"На рассмотрении";"1845790";"—"
"937";"2";"—";"203";"203";"76";"На рассмотрении";"1148203";"—"
"938";"2";"—";"203";"198";"67";"На рассмотрении";"2371070";"—"
"939";"1";"—";"202";"202";"65";"На рассмотрении";"1534313";"—"
"940";"2";"—";"202";"202";"75";"На рассмотрении";"1176592";"—"
"941";"2";"—";"201";"201";"60";"На рассмотрении";"2000298";"—"
"942";"1";"—";"201";"201";"62";"На рассмотрении";"1512534";"—"
"943";"1";"—";"201";"201";"68";"На рассмотрении";"1620958";"—"
"944";"1";"—";"201";"201";"67";"На рассмотрении";"2004318";"—"
"945";"2";"—";"200";"200";"63";"На рассмотрении";"2037151";"—"
"946";"1";"—";"200";"200";"62";"На рассмотрении";"1648867";"—"
"947";"4";"—";"200";"200";"56";"На рассмотрении";"2052689";"—"
"948";"3";"—";"200";"200";"56";"На рассмотрении";"2330878";"—"
"949";"4";"—";"200";"200";"64";"На рассмотрении";"1353539";"—"
"950";"2";"—";"200";"200";"66";"На рассмотрении";"1399435";"—"
"951";"2";"—";"200";"200";"78";"На рассмотрении";"1793006";"—"
"952";"1";"—";"200";"195";"62";"На рассмотрении";"1620537";"—"
"953";"2";"—";"199";"199";"66";"На рассмотрении";"2146968";"—"
"954";"3";"—";"199";"199";"72";"На рассмотрении";"1955107";"—"
"955";"2";"—";"199";"194";"57";"На рассмотрении";"1263284";"—"
"956";"2";"—";"198";"198";"59";"На рассмотрении";"1856253";"—"
"957";"3";"—";"198";"198";"60";"На рассмотрении";"1550152";"—"
"958";"5";"—";"198";"198";"70";"На рассмотрении";"1517973";"—"
"959";"1";"—";"198";"198";"64";"На рассмотрении";"1546350";"—"
"960";"2";"—";"198";"198";"64";"На рассмотрении";"2255127";"—"
"961";"2";"—";"198";"195";"73";"На рассмотрении";"1043721";"—"
"962";"1";"—";"197";"197";"66";"На рассмотрении";"1777740";"—"
"963";"2";"—";"197";"197";"62";"На рассмотрении";"1179198";"—"
"964";"3";"—";"197";"197";"70";"На рассмотрении";"1728688";"—"
"965";"1";"—";"197";"197";"63";"На рассмотрении";"1123543";"—"
"966";"2";"—";"197";"197";"60";"На рассмотрении";"1574943";"—"
"967";"4";"—";"197";"192";"59";"На рассмотрении";"1424425";"—"
"968";"2";"—";"196";"196";"60";"На рассмотрении";"2096602";"—"
"969";"2";"—";"196";"196";"67";"На рассмотрении";"1252911";"—"
"970";"1";"—";"196";"196";"56";"На рассмотрении";"2314505";"—"
"971";"4";"—";"196";"196";"72";"На рассмотрении";"1429099";"—"
"972";"1";"—";"195";"195";"68";"На рассмотрении";"2263686";"—"
"973";"1";"—";"195";"192";"64";"На рассмотрении";"1818894";"—"
"974";"2";"—";"195";"190";"63";"На рассмотрении";"1613384";"—"
"975";"2";"—";"194";"194";"67";"На рассмотрении";"1215614";"—"
"976";"5";"—";"194";"194";"70";"На рассмотрении";"1715799";"—"
"977";"1";"—";"194";"194";"64";"На рассмотрении";"1778251";"—"
"978";"1";"—";"194";"191";"58";"На рассмотрении";"2174772";"—"
"979";"3";"—";"193";"193";"72";"На рассмотрении";"1905779";"—"
"980";"3";"—";"193";"193";"60";"На рассмотрении";"2252057";"—"
"981";"2";"—";"193";"193";"66";"На рассмотрении";"1424312";"—"
"982";"1";"—";"192";"192";"65";"На рассмотрении";"1908023";"—"
"983";"2";"—";"192";"192";"64";"На рассмотрении";"1904292";"—"
"984";"4";"—";"191";"191";"67";"На рассмотрении";"2158659";"—"
"985";"2";"—";"190";"190";"56";"На рассмотрении";"1771160";"—"
"986";"2";"—";"190";"190";"60";"На рассмотрении";"2239158";"—"
"987";"1";"—";"190";"190";"59";"На рассмотрении";"1290743";"—"
"988";"1";"—";"190";"190";"59";"На рассмотрении";"2263327";"—"
"989";"3";"—";"190";"190";"56";"На рассмотрении";"2410133";"—"
"990";"2";"—";"190";"190";"62";"На рассмотрении";"1076353";"—"
"991";"1";"—";"189";"189";"56";"На рассмотрении";"2245746";"—"
"992";"2";"—";"189";"189";"65";"На рассмотрении";"1286323";"—"
"993";"2";"—";"189";"189";"59";"На рассмотрении";"1195068";"—"
"994";"1";"—";"189";"189";"61";"На рассмотрении";"962630";"—"
"995";"1";"—";"188";"188";"59";"На рассмотрении";"2426217";"—"
"996";"1";"—";"187";"187";"56";"На рассмотрении";"1076741";"—"
"997";"3";"—";"187";"187";"60";"На рассмотрении";"1396562";"—"
"998";"3";"—";"187";"187";"57";"На рассмотрении";"2122262";"—"
"999";"1";"—";"187";"187";"59";"На рассмотрении";"1614144";"—"
"1000";"1";"—";"187";"187";"57";"На рассмотрении";"1209794";"—"
"1001";"1";"—";"187";"182";"57";"На рассмотрении";"1283333";"—"
"1002";"2";"—";"186";"186";"56";"На рассмотрении";"1840475";"—"
"1003";"3";"—";"186";"186";"62";"На рассмотрении";"2217817";"—"
"1004";"1";"—";"186";"186";"59";"На рассмотрении";"1656146";"—"
"1005";"1";"—";"184";"184";"57";"На рассмотрении";"1255300";"—"
"1006";"2";"—";"183";"183";"59";"На рассмотрении";"1820904";"—"
"1007";"4";"—";"183";"183";"62";"На рассмотрении";"2339976";"—"
"1008";"1";"—";"182";"182";"55";"На рассмотрении";"1859592";"—"
"1009";"1";"—";"181";"181";"56";"На рассмотрении";"2312877";"—"
"1010";"2";"—";"177";"177";"56";"На рассмотрении";"1246984";"—"
"1011";"3";"—";"177";"177";"56";"На рассмотрении";"1481694";"—"
"1012";"2";"—";"176";"176";"61";"На рассмотрении";"2047627";"—"
"1013";"2";"—";"175";"175";"57";"На рассмотрении";"2470364";"—"
"1014";"1";"—";"175";"175";"56";"На рассмотрении";"2269216";"—"
